RequestType,RequestedFileName,FileSize [MB],Time [s]
UPLOAD,another_file.txt,19.073488235473633,3.7368199825286865
DOWNLOAD,another_file_edoardo.txt,19.073488235473633,0.05071663856506348
DOWNLOAD,Appunti CPS_edoardo.pdf,94.04502296447754,614.7633118629456
